<?xml version="1.0" encoding="UTF-8"?>
<config xmlns="http://www.knime.org/2008/09/XMLConfig" xmlns:xsi="http://www.w3.org/2001/XMLSchema-instance" xsi:schemaLocation="http://www.knime.org/2008/09/XMLConfig http://www.knime.org/XMLConfig_2008_09.xsd" key="model.xml">
<entry key="version" type="xint" value="1"/>
<entry key="class_name" type="xstring" value="org.knime.base.data.normalize.NormalizerPortObject"/>
<config key="model">
<config key="columns">
<config key="MPG">
<entry key="column_name" type="xstring" value="MPG"/>
<entry key="column_scale" type="xdouble" value="0.026595744680851064"/>
<entry key="column_translate" type="xdouble" value="-0.2393617021276596"/>
<entry key="column_min" type="xdouble" value="0.0"/>
<entry key="column_max" type="xdouble" value="1.0"/>
</config>
<config key="Cylinders">
<entry key="column_name" type="xstring" value="Cylinders"/>
<entry key="column_scale" type="xdouble" value="0.2"/>
<entry key="column_translate" type="xdouble" value="-0.6000000000000001"/>
<entry key="column_min" type="xdouble" value="0.0"/>
<entry key="column_max" type="xdouble" value="1.0"/>
</config>
<config key="Displacement">
<entry key="column_name" type="xstring" value="Displacement"/>
<entry key="column_scale" type="xdouble" value="0.002770083102493075"/>
<entry key="column_translate" type="xdouble" value="-0.1883656509695291"/>
<entry key="column_min" type="xdouble" value="0.0"/>
<entry key="column_max" type="xdouble" value="1.0"/>
</config>
<config key="HP">
<entry key="column_name" type="xstring" value="HP"/>
<entry key="column_scale" type="xdouble" value="0.006493506493506494"/>
<entry key="column_translate" type="xdouble" value="-0.29870129870129875"/>
<entry key="column_min" type="xdouble" value="0.0"/>
<entry key="column_max" type="xdouble" value="1.0"/>
</config>
<config key="Weight">
<entry key="column_name" type="xstring" value="Weight"/>
<entry key="column_scale" type="xdouble" value="2.835270768358378E-4"/>
<entry key="column_translate" type="xdouble" value="-0.4573291749362064"/>
<entry key="column_min" type="xdouble" value="0.0"/>
<entry key="column_max" type="xdouble" value="1.0"/>
</config>
</config>
<entry key="summary" type="xstring" value="Min/Max (0.0, 1) normalization on 5 column(s)"/>
</config>
</config>
