<?xml version="1.0" encoding="UTF-8"?>
<config xmlns="http://www.knime.org/2008/09/XMLConfig" xmlns:xsi="http://www.w3.org/2001/XMLSchema-instance" xsi:schemaLocation="http://www.knime.org/2008/09/XMLConfig http://www.knime.org/XMLConfig_2008_09.xsd" key="model.xml">
<entry key="version" type="xint" value="1"/>
<entry key="class_name" type="xstring" value="org.knime.base.algorithms.outlier.NumericOutliersPortObject"/>
<config key="model">
<entry key="summary" type="xstring" value="Outlier treatment for columns: &quot;MPG&quot;, &quot;Cylinders&quot;, &quot;Displacement&quot;,  ... &lt;2 more&gt;"/>
<config key="group-col-types">
<entry key="array-size" type="xint" value="0"/>
</config>
<config key="outlier-treatment">
<entry key="outlier-treatment" type="xstring" value="Remove outlier rows"/>
<entry key="replacement-strategy" type="xstring" value="Missing values"/>
<entry key="detection-option" type="xstring" value="All outliers"/>
<entry key="update-domain" type="xboolean" value="false"/>
</config>
<config key="permitted intervals">
<config key="groups">
<entry key="array-size" type="xint" value="0"/>
</config>
<config key="outliers">
<entry key="array-size" type="xint" value="5"/>
<entry key="0" type="xstring" value="MPG"/>
<entry key="1" type="xstring" value="Cylinders"/>
<entry key="2" type="xstring" value="Displacement"/>
<entry key="3" type="xstring" value="HP"/>
<entry key="4" type="xstring" value="Weight"/>
</config>
<config key="data">
<config key="row0">
<config key="key">
<config key="group-key">
<entry key="array-size" type="xint" value="0"/>
</config>
</config>
<config key="interval-columns">
<config key="interval0">
<entry key="outlier" type="xstring" value="MPG"/>
<config key="interval">
<entry key="array-size" type="xint" value="2"/>
<entry key="0" type="xdouble" value="-1.0"/>
<entry key="1" type="xdouble" value="47.0"/>
</config>
</config>
<config key="interval1">
<entry key="outlier" type="xstring" value="HP"/>
<config key="interval">
<entry key="array-size" type="xint" value="2"/>
<entry key="0" type="xdouble" value="0.0"/>
<entry key="1" type="xdouble" value="200.0"/>
</config>
</config>
<config key="interval2">
<entry key="outlier" type="xstring" value="Displacement"/>
<config key="interval">
<entry key="array-size" type="xint" value="2"/>
<entry key="0" type="xdouble" value="-138.0"/>
<entry key="1" type="xdouble" value="510.0"/>
</config>
</config>
<config key="interval3">
<entry key="outlier" type="xstring" value="Weight"/>
<config key="interval">
<entry key="array-size" type="xint" value="2"/>
<entry key="0" type="xdouble" value="138.0"/>
<entry key="1" type="xdouble" value="5698.0"/>
</config>
</config>
<config key="interval4">
<entry key="outlier" type="xstring" value="Cylinders"/>
<config key="interval">
<entry key="array-size" type="xint" value="2"/>
<entry key="0" type="xdouble" value="-2.0"/>
<entry key="1" type="xdouble" value="14.0"/>
</config>
</config>
</config>
</config>
</config>
</config>
</config>
</config>
